Countries and Areas,Under 5 Mortality Rank,Under5 mortality rate  1990,Under5 mortality rate 2016,Under5 mortality rate by sex 2016 male,Under5 mortality rate by sex 2016 female,Infant mortality rate (under 1) 1990,Infant mortality rate (under 1) 2016,Neonatal  mortality rate 2016,Total population (thousands) 2016,Annual number of births (thousands) 2016,Annual number of under5 deaths (thousands) 2016,Life expectancy at birth (years) 2016,Total adult literacy rate  (%) 2011−2016*,Primary school net enrolment ratio (%) 2011−2016*,Low birthweight     (%) U 2011-2016*,Early initiation of breastfeeding (%) 2011-2016*,Exclusive breastfeeding 6 months  (%) 2011-2016*,"Introduction to solid, semi-solid or soft foods 6-8 months (%) 2011-2016*",Minimum acceptable diet 6-23 months (%) 2011-2016*,Breastfeeding at age 2 (%) 2011-2016*,Stunting (%) moderate & severe 2011-2016*,Overweight (%) moderate & severe2011-2016*,Wasting (%) moderate & severe 2011-2016*,Wasting (%) severe 2011-2016*,"Vitamin A supplementation, full coverageΔ (%) 2015",Households consuming salt with iodine (%) 20112016*,Life expectancy: females as a % of males,Adult literacy rate: females as a % of males,"Enrolment ratios: 
females as a % of males Primary GER","Enrolment ratios: 
females as a % of males Secondary GER",Survival rate to the last grade of primary: females as a % of males, Demand for family planning satisfied with modern methods (%) ,Antenatal care (%) At least one visit,Antenatal care (%) At least four visits,Delivery care (%) Skilled birth attendant,Delivery care (%) Institutional delivery,Delivery care (%) Csection,Postnatal health check (%)+ For newborns,Postnatal health check (%)+For mothers,Maternal mortality ratio† Reported,Maternal mortality ratio† Adjusted,Lifetime risk of maternal death (1 in:),Use of basic drinking water services (%) total,Use of basic drinking water services (%) urban,Use of basic drinking water services (%)rural,Use of basic sanitation services (%) total,Use of basic sanitation services (%)urban,Use of basic sanitation services (%) rural,BCG,DTP1β,DTP3β,polio3,MCV1,MCV2^,HepB3,Hib3,rota,PCV3,Protection at birth (PAB) against tetanusλ ,Care seeking for children with symptoms of pneumonia                (%),Treatment with oral rehydration salts (ORS) (%),Care seeking for children with fever           (%),Children sleeping under ITNs             (%),Households with at least one ITN        (%),"HIV incidence per 1,000 uninfected population All ages","HIV incidence per 1,000 uninfected population children <5","HIV incidence per 1,000 uninfected population adolescents 1519",People living with HIV All ages,People living with HIV children <15,People living with HIV adolescents 1019,New HIV infections All ages,New HIV infections children <5,New HIV infections adolescents 1519,AIDSrelated deaths All ages,AIDSrelated deaths children <15,AIDSrelated deaths adolescents 1019,"Pregnant women reciving ARVs for PMTCT (%)
2016*",People living with HIV receiving antiretroviral therapy (ART) (%) All ages,People living with HIV receiving antiretroviral therapy (ART) (%) children <15,People living with HIV receiving antiretroviral therapy (ART) (%) adolescents 1019,Condom use among adolescents with multiple partners (%) male,Unnamed: 82,Condom use among adolescents with multiple partners (%) female,Unnamed: 84,Youth (1524 years) literacy rate (%) male,Youth (1524 years) literacy rate (%) female,Number per 100 population  mobile phones,Number per 100 population  internet users,Pre-primary school participation (%) male,Pre-primary school participation (%) female,Primary school participation Gross enrollment ratio (%) male,Primary school participation Gross enrollment ratio (%) female,Primary school participation Net enrollment ratio (%) male,Primary school participation Net enrollment ratio (%) female,Primary school participation Net attendance ratio (%) male,Primary school participation Net attendance ratio (%) female,Survival rate to last primary grade (%) male,Survival rate to last primary grade (%)  female,Lower secondary school participation Net enrollment ratio (%) male,Lower secondary school participation Net enrollment ratio (%) female,Lower secondary school participation Net attendance ratio (%) male,Lower secondary school participation Net attendance ratio (%) female,Population (thousands) total,Population (thousands) under 18,Population (thousands) under 5,Population annual growth rate (%) 1990-2016,Population annual growth rate (%) 2016-2030α,Crude death rate 1970,Crude death rate 1990,Crude death rate 2016,Crude birth rate 1970,Crude birth rate 1990,Crude birth rate 2016,Life expectancy 1970,Life expectancy 1990,Life expectancy 2016,Total fertility rate 2016,Urbanized population (%) 2016,Average annual growth rate of urban population (%) 1990-2016,Average annual growth rate of urban population (%) 2016-2030α,Child labour (%)+  total,Child labour (%)+  male,Child labour (%)+ female,Child marriage (%) married by 15,Child marriage (%) married by 18,Birth registration (%),Female genital mutilation/cutting (%) prevalence women,Female genital mutilation/cutting (%) prevalence girls,Female genital mutilation/cutting (%) support for the practice,Justification of wife-beating (%) male,Justification of wife-beating (%) female,Violent discipline (%) total,Violent discipline (%) male,Violent discipline (%) female,Adolescent population Aged 10-19 (thousands),Adolescent population Proportion of total population (%),Adolescents currently married/ in union male,Adolescents currently married/ in union female,Births by age 18 (%),Adolescent birth rate,Justification of wife-beating among adolescents  male,Justification of wife-beating among adolescents female,Use of mass media among adolescents (%) male,Use of mass media among adolescents (%) female,Lower secondary school gross enrolment ratio,Upper secondary school gross enrolment ratio,Comprehensive knowledge of HIV among adolescents (%) male,Comprehensive knowledge of HIV among adolescents (%) female,Birth registration (%) Urban,Birth registration (%) Rural,Birth registration (%) Ratio of urban to rural,Skilled birth attendant (%) Urban,Skilled birth attendant (%)  Rural,Skilled birth attendant (%) Ratio of urban to rural,Stunting prevalence in children under 5 (moderate & severe) Urban,Stunting prevalence in children under 5 (moderate & severe) Rural,Stunting prevalence in children under 5 (moderate & severe) Ratio of rural to urban,Oral rehydration salts (ORS) treatment for children with diarrhoea (%) Urban,Oral rehydration salts (ORS) treatment for children with diarrhoea (%) Rural,Oral rehydration salts (ORS) treatment for children with diarrhoea (%) Ratio of urban to rural,Primary school net attendance ratio Urban,Primary school net attendance ratio Rural,Primary school net attendance ratio Ratio of urban to rural,"Comprehensive knowledge of HIV/AIDS (%)
Females 15-24 Urban","Comprehensive knowledge of HIV/AIDS (%)
Females 15-24 Rural","Comprehensive knowledge of HIV/AIDS (%)
Females 15-24 Ratio of urban to rural",Use of basic sanitation services (%)  Urban,Use of basic sanitation services (%)  Rural,Use of basic sanitation services (%) Ratio of urban to rural,Birth registration (%) poorest 20%,Unnamed: 171,Birth registration (%) richest 20%,Unnamed: 173,Birth registration (%) Ratio of richest to poorest,Unnamed: 175,Skilled birth attendant (%) poorest 20%,Unnamed: 177,Skilled birth attendant (%) richest 20%,Unnamed: 179,Skilled birth attendant (%) Ratio of richest to poorest,Unnamed: 181,Stunting prevalence in children under 5 (moderate & severe) poorest 20%,Unnamed: 183,Stunting prevalence in children under 5 (moderate & severe) richest 20%,Unnamed: 185,Stunting prevalence in children under 5 (moderate & severe) Ratio of poorest to richest,Unnamed: 187,Oral rehydration salts (ORS) treatment for children with diarrhoea (%) poorest 20%,Unnamed: 189,Oral rehydration salts (ORS) treatment for children with diarrhoea (%) richest 20%,Unnamed: 191,Oral rehydration salts (ORS) treatment for children with diarrhoea (%) Ratio of richest to poorest,Unnamed: 193,Primary school net attendance ratio poorest 20%,Unnamed: 195,Primary school net attendance ratio richest 20%,Unnamed: 197,Primary school net attendance ratio Ratio of richest to poorest,Unnamed: 199,"Comprehensive knowledge of HIV/AIDS (%)
Females 15-24 poorest 20%",Unnamed: 201,"Comprehensive knowledge of HIV/AIDS (%)
Females 15-24 richest 20%",Unnamed: 203,"Comprehensive knowledge of HIV/AIDS (%)
Females 15-24 Ratio of richest to poorest",Unnamed: 205,"Comprehensive knowledge of HIV/AIDS (%)
Males 15-24 poorest 20%",Unnamed: 207,"Comprehensive knowledge of HIV/AIDS (%)
Males 15-24 richest 20%",Unnamed: 209,"Comprehensive knowledge of HIV/AIDS (%)
Males 15-24 Ratio of richest to poorest",Unnamed: 211,Attendance in early childhood education total,Attendance in early childhood education male,Attendance in early childhood education female,Attendance in early childhood education poorest 20%,Attendance in early childhood education richest 20%,Adult support for learning total,Adult support for learning male,Adult support for learning female,Adult support for learning poorest 20%,Adult support for learning richest 20%,"Father's support for learning++
20052016*",Learning materials at home (books) total,Learning materials at home (books) poorest 20%,Learning materials at home (books) richest 20%,Learning materials at home (playthings) total,Learning materials at home (playthings) poorest 20%,Learning materials at home (playthings) richest 20%,Children with inadequate supervision total,Children with inadequate supervision male,Children with inadequate supervision female,Children with inadequate supervision poorest 20%,Children with inadequate supervision richest 20%
Burkina Faso,16,199,85,89,80,99,53,26,18646.433,715.598,60,60.361,34.5994,69.09631,14.1,41.6,50.1,59,3,80.1,27.3,1.2,7.6,1.4,99,92.0633774080909,102.263857681066,59.082,95.7726847385738,91.912,113.610214144479,44.2,92.8,47.2,79.8,82.2,3.7,33.4,74.1,330,371,48,53.85759551611,78.8662459514879,43.211421475963,22.5320811837064,47.7248285995232,11.8075371211912,98,95,91,91,88,50,91,91,91,91,92,51.8,39.5,61.4,75.3,89.8,0.18824,0.17826,0.4686,95000,10000,12000,3400,1000,1000,3100,500,500,83,60,24,,76.4,,57.3,,56.99489,43.98583,83.627631726886,13.96,4.14802,4.13654,89.8743,86.07503,70.89596,67.2623,53.7,50,62.23135,70.70117,26.55181,26.36495,18.8,17.2,18646.433,9723.729,3220.646,2.88326949251413,2.74463440882786,24.653,17.005,8.568,47.464,47.417,38.92,39.095,49.454,60.361,5.353,30.688,5.90604276516167,4.68784190223332,39.2,42.3,36,10.2,51.6,76.9,75.8,13.3,9.3,34.1,43.5,82.7,83.8,81.5,4306.167,23.0937842106316,1.6,31.5,28.2,136,40.2,38.8,61.2,55.1,47.05704,13.42066,30.9,28.8,92.9,73.6,1.26222826086957,95,77.2,1.23056994818653,21.3,37.3,1.75117370892019,45.8,38.3,1.19582245430809,82.7,45.3,1.82560706401766,45.5,24.2,1.8801652892562,47.7248285995232,11.8075371211912,4.04189528346859,62,,95.2,,1.53548387096774,,67.5,,94.7,,1.40296296296296,,41.9,x,18.6,x,2.25268817204301,x,38.4,,47,,1.22395833333333,,30.8,,85.2,,2.76623376623377,,8.4,x,36.9,x,4.39285714285714,x,,,,,,,2.9,2.9,2.9,,,14.1,13.9,14.3,11.7,25.7,24.4,,,,,,,,,,,
Burundi,23,170,72,77,66,103,48,24,10524.117,437.227,31,57.481,61.56973,94.14828,12.9,73.6,83.1,69.7,10,81.4,55.9,1.4,5.1,0.9,71,87.200668378903,107.161380410932,78.435,101.166619900782,91.072,118.212398120818,32.6,99.2,49.3,85.1,83.9,4,7.5,48.8,500,712,23,55.9341198142855,88.1735153999903,51.5140932905503,50.4603170659462,46.0781480367476,51.0611131723452,93,97,94,94,93,72,94,94,96,94,85,62.5,35.6,69.1,39.9,46.1,0.19519,0.20277,0.14505,84000,12000,8100,2200,500,200,2900,1000,500,84,61,25,,,,,,85.29008,74.95891,48.0406532210983,5.17362677652886,12.50718,12.7534,123.05979,124.49543,93.29701,94.98968,85.2,84.1,40.86458,48.307,20.86544,24.79265,12.1,10.6,10524.117,5372.354,1901.345,2.55546140030735,2.9019114908287,20.772,18.108,10.788,47.263,50.312,42.248,43.829,48.053,57.481,5.697,12.359,5.25486352344119,5.13731635782618,26.3,25.5,27.1,2.5,20.4,75.2,,,,44.3,72.9,,,,2243.055,21.3134745651345,1.4,8.6,11,65,55.8,73.9,83,69.4,54.4397,25.46916,50.2,46.3,86.6,74.1,1.16869095816464,96,84,1.14404761904762,27.8,58.8,2.11510791366906,29.5,36,0.819444444444444,90.7,84.1,1.07847800237812,61.3,51,1.20196078431373,46.0781480367476,51.0611131723452,0.90241174102925,63.8,,86.5,,1.35579937304075,,77.4,,95.5,,1.23385012919897,,,,,,,,33.9,,37.9,,1.11799410029499,,,,,,,,,,,,,,,,,,,,4.7,4.6,4.8,3.9,9.7,34.4,35.3,33.6,31.6,38.4,19.6,,,,,,,,,,,
Cambodia,68,116,31,34,27,85,26,16,15762.37,367.57,11,68.981,73.90003,94.92511,11.3,62.6,65.2,82,30.4,37.1,32.4,2,9.6,2.3,63,68.4,106.161807624033,79.673,99.2857022049082,,134.028775831343,56.4,95.3,75.6,89,83.2,6.3,78.8,90.3,170,161,210,74.9707956520782,95.7154551088079,69.5481437111394,48.8254492739503,88.026735657694,38.5782368702226,97,92,90,87,81,58,90,90,0,87,93,68.8,35.2,60.6,4,5,0.04311,0.05439,0.08367,71000,4200,3300,1000,100,200,1800,100,100,75,80,87,,,,,,88.35612,85.86868,124.943845700161,25.5706867985604,17.3823,18.53925,117.06882,116.2326,93.67149,96.2178,91.7632833163029,93.9130988940166,40.76685,54.63931,43.52207,48.75106,47.1,54,15762.37,5854.168,1761.246,2.16679719962204,1.25798955207549,19.886,12.678,6.055,43.026,42.357,23.296,41.566,53.595,68.981,2.56,20.945,3.32035837405793,2.74094634342328,19.3,19.8,18.8,1.9,18.5,73.3,,,,26.5,50.4,,,,3052.385,19.3650130024863,3,15.6,7,57,26.4,45.9,76.6,73.7,62.71479,,42.4,32.7,84.4,71.6,1.17877094972067,97.8,87.6,1.11643835616438,23.7,33.8,1.42616033755274,30.2,36.1,0.836565096952909,96.93639607007,92.243947221582,1.05086999190544,55,33.3,1.65165165165165,88.026735657694,38.5782368702226,2.28177186930073,59.1,,86.6,,1.46531302876481,,75.2,,98.4,,1.30851063829787,,41.9,,18.5,,2.26486486486486,,39.8,,26.7,,0.670854271356784,,86.2636841521246,,97.8494095773075,,1.13430594275051,,26.6,,54.9,,2.06390977443609,,28.2,,62.7,,2.22340425531915,,14.5,11.9,17.1,6.6,38.1,59.3,56.5,62.2,48.2,73.1,8.6,3.9,1,11.9,33.7,19.6,53,9.8,10.1,9.6,15.6,4.4
Cameroon,19,143,80,85,74,89,53,24,23439.189,842.102,66,58.073,71.29051,91.98906,11,31.2,28.2,82.7,16.6,18.5,31.7,6.7,5.2,1.3,99,85.9,104.21468846413,82.729,89.6581596804357,85.561,103.833217690316,40.1,82.8,58.8,64.7,61.3,2.4,68.5,65,780,596,35,65.2799662849759,83.6826400169498,43.3427076817958,38.8349851336722,55.5648972810288,18.8917739171747,70,92,85,83,78,0,85,85,80,84,85,28.1,15.8,32.9,54.8,70.9,1.39374,1.09423,2.40565,560000,46000,40000,32000,4000,5900,29000,3200,1400,74,37,18,,69.6,,52,,85.39748,76.42093,68.1138360506963,25,37.59633,38.0736,123.47812,110.70821,96.58678,87.33236,87.3,83.5,64.59534,67.07142,43.75122,39.74047,51.4,49.4,23439.189,11577.595,3804.254,2.66738724894653,2.43915112512991,19.307,14.773,10.076,44.86,44.693,36.3,46.104,52.209,58.073,4.708,54.938,3.89340525447449,3.1562290711564,47,49.8,44.3,10.2,31,66.1,1.4,0.7,6.6,39,36.1,85,85.2,84.8,5206.178,22.2114254891669,0.9,20.1,27.5,128,44.9,36.5,79.5,63.6,68.05558,43.40916,29.8,25.7,84.2,53.1,1.58568738229755,87.9,48.8,1.80122950819672,22.8,38,1.66666666666667,24.4,11.7,2.08547008547009,93.8,79,1.1873417721519,36.9,17.8,2.07303370786517,55.5648972810288,18.8917739171747,2.94122179974397,38,,92.2,,2.42631578947368,,21,,97.9,,4.66190476190476,,41.6,,14.5,,2.86896551724138,,8.6,,36.7,,4.26744186046512,,65.3,,98.9,,1.5145482388974,,12.4,x,49.8,x,4.01612903225806,x,,,,,,,27.6,26.6,28.7,2.2,66.3,44.3,44.6,44,50.2,52.2,3.7,4,0,16.9,52.5,46.8,64.9,34.4,33.9,35,52.2,22.9
Colombia,106,35,15,17,14,29,13,9,48653.419,746.404,11,74.381,94.24505,90.60457,9.5,56.6,42.8,85.5853558141613,59.6,32.5,12.7,4.8,0.9,0.2,,,110.131042680856,100.375,96.6776261221675,107.128,105.956605224792,83.7,97.2,89.9,99.2,99.2,45.9,6.5,1.2,53.65,64,800,96.5220296857553,99.764207261545,86.0051783369577,84.4391972018127,88.2752351358015,71.9960043855519,88,93,91,91,93,87,91,91,90,89,90,64.2,54.1,53.6,,3,0.11742,0.00571,0.2159,120000,1000,3500,5600,100,1000,2800,100,100,95,,,,,,44.5,,98.15518,98.91534,117.090196799376,58.1364935728703,84.77328,84.1982,115.44065,111.60528,90.62964,90.57843,93.7,94.6,85.83614,90.94906,71.71345,77.8725,73.8,80.9,48653.419,14054.786,3711.989,1.34771570018155,0.629266651330208,9.306,6.158,6.009,37.506,26.401,15.198,60.91,68.292,74.381,1.853,76.708,2.01957887445055,1.26570012196967,7.8,10.2,5.1,4.9,23.4,98.6,,,,,,,,,8139.384,16.7293155697855,,13.3,20,85,,,,,105.91932,82.33493,,20.5,99.1,97.5,1.01641025641026,98.7,87.6,1.12671232876712,11,16.8,1.52727272727273,57,48.5,1.17525773195876,94.3,93.9,1.00425985090522,26,17.1,1.52046783625731,88.2752351358015,71.9960043855519,1.22611297514611,96,,98,,1.04430379746835,,86.3,,99.3,,1.15063731170336,,19.4,x,6.8,x,2.85294117647059,x,47,x,61,x,1.29787234042553,x,93.2,,95.6,,1.02575107296137,,14.8,x,32,x,2.16216216216216,x,,,,,,,36.5,,,,,,,,,,,,,,,,,,,,,
Comoros,22,126,73,78,68,88,55,33,795.601,25.925,2,63.701,49.19614,79.46213,25,33.7,12.1,80.7,5.9,56.7,32.1,10.9,11.1,4.4,12,81.9471819435756,105.481491069117,75.491,93.1650650407799,106.831,120.705952783336,27.8,92.1,48.9,82.2,76.1,9.6,13.6,49,170,335,66,83.7011875895908,92.997141754919,80.0327964389977,34.1660372152865,47.2791691368007,28.9913024605844,94,96,91,92,99,0,91,91,0,0,85,38.1,37.5,44.6,41.1,59.1,0.00917,0.00858,0.01688,200,,,100,,100,100,,,,35,,,50.7,,,,73.81077,69.59522,57.6584387475961,7.938322770803,19.79565,21.23598,106.7561,99.45939,81.01586,77.85432,84.4,84.4,64.64455,78.02982,37.67515,42.00455,44.7,52.3,795.601,368.871,119.145,2.53484760499184,2.06142507897587,19.293,11.508,7.389,45.509,42.558,32.856,45.642,56.677,63.701,4.347,28.412,2.55973644074315,2.84290849648388,22,20.2,23.8,10,31.6,87.3,,,,17.3,39,,,,172.711,21.7082432023087,7.5,16.4,17.1,71,29,43.1,79,67.3,66.13553,51.98975,20.6,17.8,89.5,86.5,1.03468208092486,92.2,78.5,1.17452229299363,25.6,34.6,1.3515625,40.2,36.6,1.09836065573771,90,82,1.09756097560976,23.7,17.1,1.3859649122807,47.2791691368007,28.9913024605844,1.63080528034502,84.5,,93.3,,1.10414201183432,,66.3,,92.7,,1.39819004524887,,38.2,,21.9,,1.74429223744292,,39.2,,36.1,,0.920918367346939,,71.5,,95,,1.32867132867133,,,,,,,,,,,,,,,,,,,,,,,,,,,,,,,,,,,
Dominican Republic,68,60,31,34,28,46,26,21,10648.791,215.914,7,73.861,91.99121,86.88507,11,38.1,4.7,80.5,45,12.4,7.1,7.6,2.4,0.8,,30,108.918180402373,100.731,91.3094974460757,110.234,105.355277128514,84.1,98,92.9,97.6,97.9,58.1,95,94.5,110,92,400,94.4770735981847,96.8650584623821,85.5045215251918,82.6969817385066,85.1146505751991,73.612895881134,99,98,87,82,85,0,80,73,75,30,90,73.4,47.5,65.1,,,0.24255,0.07316,0.51731,67000,1700,3100,2500,100,500,2200,100,100,83,46,45,29.9951654850924,,,39.7,,97.22539,98.03096,80.8315218142969,61.3281904077621,42.93096,45.1228,108.10422,98.70942,87.69322,86.04758,94.4,96.1,76.65523,80.76033,48.00955,57.69745,58.2,72.1,10648.791,3749.852,1059.528,1.51399681447335,0.911573110023199,10.652,6.289,6.102,41.75,29.809,20.17,58.468,67.866,73.861,2.422,79.841,2.94359394341438,1.52818456796544,12.8,16.5,8.7,12.3,35.9,88,,,,,2,62.9,64.4,61.3,2007.27,18.8497454781486,,27.5,21.4,90,,3.3,,98.1,85.85392,73.64648,39.2,,90,82.2,1.09489051094891,97.8,97.2,1.00617283950617,7.3,6.4,0.876712328767123,49.5,41.5,1.19277108433735,,,,48.9,38.3,1.27676240208877,85.1146505751991,73.612895881134,1.15624646410647,72.5,,98.3,,1.35586206896552,,95.7,,98.7,,1.03134796238245,,11.3,,3.9,,2.8974358974359,,42.9,,56.5,,1.31701631701632,,91.4,,97.9,,1.07111597374179,,34.3,,54.7,,1.59475218658892,,,,,,,,39.8,39.4,40.2,15.8,71.6,58.1,57.7,58.5,38,73.4,6.4,10,2,27.6,56.8,56.5,57.9,5.3,5.4,5.3,7.1,2.7
El Salvador,106,60,15,17,13,46,13,8,6344.722,118.068,2,73.512,87.96985,91.24263,8.7,42,47,90,67,57,13.6,6.4,2.1,0.4,,,113.326622609305,95.786,95.8662062115493,100.679,104.671798794828,81.9,96,90.1,97.7,97.5,31.5,96.9,93.6,42.3,54,890,93.0130709637454,97.8264355947506,83.3605925010283,91.1250736675765,93.1934971148227,86.9771616960388,99,97,93,95,90,87,93,93,93,90,90,79.7,69.8,,,,0.16211,0.0891,0.31339,24000,500,1000,1000,100,200,1000,100,100,44,48,50,,,,30.9,,97.46197,98.43374,140.74785171623,28.997073045597,71.33213,73.04928,111.43178,106.82542,90.95395,91.54426,95.4,96.2,76.43223,80.00299,66.6396,72.16987,68.8,73.2,6344.722,2153.481,576.517,0.724793563748967,0.479835201785734,13.151,8.117,6.725,42.824,31.212,18.538,54.987,63.99,73.512,2.079,67.189,1.92922888996224,1.00312063017738,8.9,12.6,4.9,5.8,25.5,98.5,,,,,7.7,52,54.6,49.5,1289.326,20.3212370849345,,16.3,18.2,63.3,,9.7,,97.9,99.11323,60.62415,25.1,28,98.3,98.7,0.995947315096251,99.1,95.8,1.03444676409186,11.4,16.6,1.45614035087719,71.5,67.9,1.05301914580265,96.5,94.8,1.01793248945148,36.7,22.2,1.65315315315315,93.1934971148227,86.9771616960388,1.07147089302026,98.2,,98.8,,1.0061099796334,,93.7,,99.2,,1.05869797225187,,23.6,,5.3,,4.45283018867925,,71.3,,68.2,,0.956521739130435,,91.6,,98.7,,1.07751091703057,,16.8,,46.2,,2.75,,16.8,,46.2,,2.75,,24.8,24.1,25.6,18.7,44.2,59.2,57,61.5,45,77.9,7.9,18.3,6.1,44.3,61.6,61.5,57.5,3.5,3.7,3.2,4.4,3.8
Eritrea,51,151,45,49,39,93,33,18,4954.645,159.779,7,65.092,64.66297,38.95043,14,93.1,68.7,39.9,,72.8,50.3,1.9,15.3,4.2,51,72,106.832427246562,72.998,86.376314862178,85.308,103.386752258469,19.6,88.5,57.4,34.1,33.7,2.8,,5,490,501,43,19.290330471875,66.2697375,5.5438,11.2575267499219,28.8347921225384,6.11428571428573,97,97,95,95,93,85,95,95,96,95,94,44.8,43.4,,20.4,70.9,0.14643,0.22033,0.1059,15000,1500,1300,1000,200,100,1000,200,100,37,59,34,,,,,,91.28661,82.57652,7.29437082159411,1.177118720157,13.35083,13.10148,53.18238,45.93698,40.73263,37.09041,82.94,78.86,71.97574,74.41338,19.53609,18.98404,63.2,54.8,4954.645,2396.826,743.741,1.78707203966437,2.17441698889421,20.734,15.811,6.854,46.624,41.654,32.2,43.157,49.589,65.092,4.133,23.094,4.34944765182581,4.36797629487809,,,,12.9,40.7,,83,33.2,12.2,44.6,51.4,,,,1085.265,21.903991103298,1,17.4,18.8,,60.3,51.4,69.9,53.6,39.03837,23.07967,31.9,22.3,,,,73.9,16.9,4.37278106508876,38.4,55.6,1.44791666666667,50.6,41.1,1.23114355231144,91.34,76.75,1.19009771986971,32.3,19.5,1.65641025641026,28.8347921225384,6.11428571428573,4.71597067424692,,,,,,,8.6,x,90.1,x,10.4767441860465,x,56.6,x,26.5,x,2.13584905660377,x,41.6,x,50.3,x,1.20913461538462,x,71.46,y,96.12,y,1.34508816120907,y,8.5,x,36.8,x,4.32941176470588,x,21.4,x,43.4,x,2.02803738317757,x,,,,,,,,,,,,,,,,,,,,,,
Ethiopia,35,203,58,64,53,121,41,28,102403.196,3229.95,187,65.475,38.99598,85.58775,20,73,57.5,60,7,75.5,38.4,2.8,9.9,2.9,74,85.6,105.865506329114,58.862,90.8915106155994,95.886,105.224494015662,59,62.4,31.8,27.7,26.2,2.1,0.3,16.5,410,353,64,39.1242615806378,77.2035782652659,29.9165269481736,7.07891807037814,18.4548724416825,4.32816574177147,75,86,77,75,70,0,77,77,63,76,80,29.8,29.5,34.6,45.3,63.6,0.332628,0.258367592386438,0.23247224662541,710000,62000,67000,30000,3800,2700,20000,2900,2500,69,59,35,,56.9,,,,62.97093,47.04113,50.5130340963966,15.3669238595896,31.17106,29.53249,106.94309,97.20219,88.71225,82.39918,63.5,67,37.33663,39.28728,34.82483,33.3778,21.1,26.4,102403.196,49499.781,15177.181,2.90736968417313,2.21434141696122,21.27,18.133,6.825,48.076,47.524,31.779,42.944,47.1,65.475,4.198,19.922,4.62896462275661,4.30408838954642,27.4,31.1,23.5,14,40,3,65.2,16,18,28,63,,,,24772.243,24.1908885343774,1,17,22.2,71.2,33,60,38,31,43.20824,17.67999,31.8,24,12,2,7.2,80.1,21.2,3.77830188679245,25.4,39.9,1.57086614173228,40.5,28.3,1.43109540636042,80.1,63.1,1.26941362916006,37.7,18.7,2.01604278074866,18.4548724416825,4.32816574177147,4.26390150995676,1,,10,,11.9,,13.1,,66.9,,5.10687022900763,,42.2,,26.9,,1.56877323420074,,31.5,,37.3,,1.18412698412698,,48.7,y,81.5,y,1.6735112936345,y,,,,,,,,,,,,,,,,,,,,,,,,,,,,,,,,,,
Gambia,29,168,65,70,61,82,42,28,2038.501,79.207,5,61.193,41.95005,74.78043,10.2,51.5,46.8,46.8,8.3,42.2,25,3.2,11.1,4.3,27,69,104.475735479004,65.299,104.835421127964,,105.57595177179,23.9,86.2,77.6,57.2,62.6,2,5.7,75.6,430,706,24,80.0585980182389,88.1428404734084,68.1164768805391,41.6937609285644,45.9866698280952,35.3522343853414,98,99,95,95,97,79,95,95,95,95,92,68,59.2,64.6,47.2,68.9,0.65106,0.47406,0.22829,20000,1600,1000,1300,200,100,1100,200,100,69,30,33,,,,,,65.97576,56.12098,139.628726217933,18.5,37.04877,38.87819,90.127,94.48502,71.33095,78.28581,64.5,65.9,72.98467,77.05426,35.20168,40.82924,32.2,31.8,2038.501,1065.411,360.481,3.07335361880798,2.76157045325155,26.18,14.34,8.063,50.313,47.468,39.482,37.824,52.176,61.193,5.425,60.224,4.80182613859751,3.56522034841561,19.2,20.9,17.5,9.3,30.4,72,74.9,56.1,65,33,58.4,90.3,89.6,91,466.853,22.901779297631,0.3,23.8,19.4,88,41.9,58.3,82.2,69.7,64.41772,,26.5,21.9,71.7,72.2,0.993074792243767,75.3,40.6,1.85467980295566,19.2,28.5,1.484375,61.5,56.8,1.08274647887324,73.6,58.4,1.26027397260274,32.1,17.6,1.82386363636364,45.9866698280952,35.3522343853414,1.30081367211016,68.5,,74.8,,1.09197080291971,,45.5,,82.2,,1.80659340659341,,29.5,,15.2,,1.94078947368421,,55.8,,57.9,,1.03763440860215,,59.7,y,79.9,y,1.33835845896147,y,19.7,x,47.7,x,2.42131979695431,x,,,,,,,18.1,17.2,19.1,12.2,31.8,48.3,49.2,47.4,50.1,55.1,21.3,1.2,0.1,4.3,42,28,49.5,20.6,22.3,18.8,25.3,17.7
Guyana,66,60,32,37,28,46,27,20,773.303,15.916,1,66.65,85.63973,81.36664,14.3,49.2,23.3,80.9,40,40.9,12,5.3,6.4,1.7,,43,107.159299468069,98.517,96.5484404887469,99.208,105.478210612005,52.5,90.7,86.7,85.7,92.7,16.9,95.4,93,86.2,229,170,95.0713229920073,100,93.1016319677626,86.164053044025,89.1727488484433,84.9616611828754,95,97,97,94,99,94,97,97,96,92,99,83.6,42.5,70.7,7.4,5.3,0.7676,0.32285,1.61841,8500,500,1000,1000,100,200,200,100,100,66,58,69,,82.6,,,,96.33186,97.03701,66.4284772349978,35.66,95.35493,93.30561,86.9407,83.93989,82.79584,79.94112,96.9,97.1,89.7983,94.71764,77.31278,74.85632,91.5,94.8,773.303,277.091,76.414,0.152150427926147,0.462075834498676,8.774,8.29,8.21,36.051,28.243,20.576,61.789,63.29,66.65,2.51,28.661,0.310980918475801,1.10276540779337,18.3,19.7,17,3.6,30.2,88.7,,,,9.6,10.2,69.7,74.1,65.1,164.654,21.2923006893805,13.4,13.3,15.8,97,14.1,10.1,95.2,95.8,93.02862,83.2775,33.2,47.6,90.5,88.2,1.02607709750567,98.6,81.6,1.20833333333333,9.8,12.8,1.30612244897959,,,,95.9,97.4,0.984599589322382,63.7,47.1,1.35244161358811,89.1727488484433,84.9616611828754,1.04956456367424,84.2,,94.8,,1.12589073634204,,70.4,,96.3,,1.36789772727273,,21,,7.2,,2.91666666666667,,,,,,,,95.7,,97.4,,1.01776384535005,,40,,61.9,,1.5475,,28,,55.7,,1.98928571428571,,61,63,58.7,44.9,76.2,87.2,85,89.8,81.6,94.2,15.9,47.3,24.6,75.7,68.5,64.7,69.7,5,4.8,5.2,10,1
Honduras,92,58,19,21,17,45,16,10,9112.867,197.819,4,73.575,88.98748,93.03652,9.9,63.8,31.2,69.9,54.2,43.3,22.7,5.2,1.4,0.3,,,107.163121568406,99.872,98.9712762188776,118.881,110.174099573332,76,96.6,88.9,82.8,82.7,18.6,81.3,84.9,73,129,300,92.1787210188606,98.6733970403776,84.3268628642853,79.7764469724492,83.665626628907,75.0745516201643,99,99,97,97,88,0,97,97,97,97,94,63.9,59.7,61.7,,,0.11449,0.05202,0.20978,21000,1000,1300,1000,100,200,1000,100,100,54,51,69,60.2616119184077,72.6,,38.9,,94.94519,97.24561,91.2196773958377,30,45.08526,46.86396,111.27574,110.13102,92.31337,93.78641,94.8,92,74.43499,82.00808,43.45326,50.3514,48.1,56.9,9112.867,3541.333,951.241,2.34316926738171,1.43938943094532,14.945,6.686,4.804,47.73,38.596,21.715,52.523,66.725,73.575,2.462,55.315,3.3575581115704,2.52382151804399,14.1,20.7,7.5,7.6,33.6,93.6,,,,9.9,12.4,,,,1989.501,21.8317791755328,5.3,22.6,22.2,99,17.7,15.2,98.4,93.8,74.0997,65.84053,32.6,29.2,94.6,92.7,1.02049622437972,94.3,72.9,1.29355281207133,14.8,28.9,1.9527027027027,58.7,60.5,0.970247933884298,91.8,91.6,1.00218340611354,42.1,22.6,1.86283185840708,83.665626628907,75.0745516201643,1.11443391699772,91.6,,95.2,,1.03930131004367,,57.6,,98.3,,1.70659722222222,,42.1,,8,,5.2625,,62.7,,51.8,,0.82615629984051,,,,,,,,12.7,x,43.7,x,3.44094488188976,,,,,,,,18.9,17,21,12.8,28.2,47.8,47.1,48.5,27.8,74.6,59.2,11.3,1.1,34,77.9,73.9,80.7,4.4,4.5,4.2,8.1,1.5
Lao People's Democratic Republic,31,162,64,70,58,111,49,29,6758.353,162.586,10,66.683,58.28794,92.71189,14.8,39.1,40.4,52.3,,40,43.8,2,6.4,1.9,88,79.5,104.675493009906,73.818,96.040377819465,92.518,104.073862751949,61.3,54.2,36.9,40.1,37.5,3.7,40.6,39.5,210,197,150,80.4473555098206,91.7256232090772,73.3529198251515,72.5942868258935,93.1250470973387,59.6797008108153,78,85,82,83,76,0,82,82,0,78,90,54.4,42.3,,43.2,50.2,0.10227,0.09527,0.09977,11000,1000,500,1000,100,100,500,100,100,50,41,34,,,,,,77.27267,67.05378,55.3931694664274,21.87,34.62687,36.10337,113.54947,109.05334,93.253,92.14898,85.2,84.7,77.22106,80.36694,55.02176,56.98557,39.6,43.6,6758.353,2674.184,765.61,1.77641850317132,1.24807941358608,18.282,13.682,6.663,43.028,42.898,23.85,46.273,53.589,66.683,2.698,39.654,5.63226005746211,3.27053411999889,10.1,9,11.2,8.9,35.4,74.8,,,,49.1,58.2,75.7,77.1,74.3,1432.128,21.1904882742881,9,24.7,18.2,94,50.3,56.4,92,93.2,75.99086,43.27577,24.6,23.3,87.8,71.3,1.23141654978962,78.8,29,2.71724137931034,27.4,48.6,1.77372262773723,64.6,39.5,1.63544303797468,94.9,82.7,1.14752116082225,38.7,17.9,2.16201117318436,93.1250470973387,59.6797008108153,1.56041410784791,65.9,,92.8,,1.4081942336874,,10.6,,89.7,,8.4622641509434,,60.6,,19.7,,3.0761421319797,,35,,69.3,,1.98,,70.8,,97.3,,1.37429378531073,,6.2,,40.5,,6.53225806451613,,11.7,,42.5,,3.63247863247863,,23,20.9,25.3,5.3,73,57.4,57.5,57.4,41.9,87.2,51.5,5,0.5,24.3,40.9,29.2,50.1,14,15,13,19.7,8.3
Lebanon,142,33,8,8,8,27,7,5,6006.668,85.906,1,79.584,91.18419,81.77372,11.5,41.3,26.6,,,10.6,16.5,16.7,6.6,2.9,,95,104.507121921119,93.439,91.4391197013768,99.18,107.892135488154,,95.6,,98.2,99.9,,,,,15,3700,92.2581923899159,,,95.3593653846154,,,,84,81,75,79,75,81,81,0,0,,73.6,44.4,,,,0.02394,0.02264,0.04944,2200,,,200,,100,100,,,,51,,,,,,,99.16173,99.33674,96.3708329334741,76.11,79.90426,75.26342,96.58995,88.321,84.68783,78.9177,98.3,98.4,86.9183,93.77801,67.36112,66.63709,,,6006.668,1742.567,483.217,3.07116153408453,-0.802167079490646,8.092,6.826,4.62,32.323,24.621,15.47,66.067,70.222,79.584,1.719,87.914,2.63834645200638,0.27145640586346,1.9,2.7,0.9,1.2,6.1,99.5,,,,,9.7,81.9,82.1,81.7,1061.058,17.6646686648904,,2.6,,18,,22.2,,,67.58965,55.17979,,,,,,,,,,,,,,,,,,,,,,,,,,,,,,,,,,,,,,,,,,,,,,,,,,,,,,,,,,,,,,,,,,61.7,63.2,60.4,,,55.8,57.8,53.9,,,73.8,28.5,,,15.7,,,8.6,7.5,9.7,,
Lesotho,8,91,94,101,86,73,72,39,2203.821,61.253,6,54.174,76.6352,80.16474,10.7,65.3,66.9,83,11.3,29.5,33.2,7.4,2.8,0.6,,85,109.18009127433,125.37,97.249859786876,135.846,128.895211062006,76.1,95.2,74.4,77.9,76.5,9.7,18.4,62,1000,487,61,71.5928717462891,87.3532660141391,65.6710154805572,43.7911060817367,45.7412187094239,43.0583651054078,98,98,93,90,90,82,93,93,0,93,85,63.1,53.4,61,,,12.6807,7.57495,13.7315,330000,,,21000,,2900,9900,,,66,53,,,79.7,,57.9,,79.60804,93.96988,106.574927045106,27.36,33.32074,34.59259,106.98,104.0379,78.82429,81.526,90,93.8,57.02329,73.50029,21.88954,38.56724,19.7,36.7,2203.821,932,285.92,1.22204160265705,1.20267488697793,17.411,10.464,12.702,42.756,35.42,27.872,49.037,59.206,54.174,3.094,27.84,3.7811821503473,2.625544089759,22.9,25,20.7,1,17.3,43.3,,,,39.6,33.3,,,,494.58,22.4419315361819,1,17.7,13.9,94,48.9,48,60.3,65.5,63.17297,40.02501,29.7,34.8,53.9,40.1,1.34413965087282,89.7,73.1,1.22708618331053,27.3,35.1,1.28571428571429,52.6,53.6,0.98134328358209,94,91.4,1.02844638949672,43.8,34.5,1.2695652173913,45.7412187094239,43.0583651054078,1.06230737273578,34.2,,62.8,,1.83625730994152,,60.1,,94,,1.56405990016639,,45.6,,13.4,,3.40298507462687,,,,,,,,87.9,,94.8,,1.07849829351536,,26.4,,47.6,,1.8030303030303,,18.7,,35.6,,1.90374331550802,,,,,,,,,,,,,,,,,,,,,,,
Madagascar,50,160,46,51,42,97,34,19,24894.551,811.519,37,65.932,71.57262,77.07133,16,65.8,41.9,89.7,,83.1,49.2,6.2,15.2,5.6,97,68.4,104.826487086139,91.009,99.9714536268499,98.072,105.316379510734,49.6,82.1,51.1,44.3,37.9,1.9,12.9,46.3,480,353,60,50.6213902002365,82.0692124750078,33.6096666320749,9.69366814011379,16.1896968403951,6.17963643469156,70,84,77,75,58,0,77,77,78,76,78,40.5,14.6,46.2,73.4,79.5,0.1783,0.09471,0.36625,31000,1900,3200,4300,500,1000,1600,500,100,3,5,2,52.0370228572232,5.2,,5.5,,78.41248,75.30385,41.7884230604426,4.713662899498,17.40346,18.73145,148.91559,148.87308,,,68.1,70.8,41.47108,43.67584,27.50456,31.01046,21.8,25.4,24894.551,11987.506,3768.588,2.93754499169563,2.55335962741164,20.646,15.153,6.328,48.047,44.339,33.145,44.771,51.003,65.932,4.184,35.741,4.56025915763729,4.16545749352044,22.9,23.2,22.6,12.4,41.2,83,,,,46.3,45.2,,,,5739.998,23.0572465436312,7.1,28.4,35.8,147,44.2,47.1,62.2,59.4,50.0418,21.5842,24,20.9,97.4,80.9,1.20395550061805,77.8,39.3,1.97964376590331,43.2,49.9,1.15509259259259,15.7,14.4,1.09027777777778,85.6,66.1,1.29500756429652,44.3,17.5,2.53142857142857,16.1896968403951,6.17963643469156,2.619846169187,72.1,,94.4,,1.30929264909847,,27,,72.9,,2.7,,47.6,x,43.6,x,1.09174311926606,x,10.5,,16.8,,1.6,,54.1,y,82.2,y,1.51940850277264,y,9.9,,40.3,,4.07070707070707,,12.9,,41.4,,3.2093023255814,,,,,,,,,,,,,,,,,,,,,,,
Maldives,133,94,9,9,8,68,7,5,427.756,7.818,0,77.339,98.61012,94.79558,11,64.3,47.8,90.9472703384647,,68.4,20.3,6.5,10.2,2.6,79,,102.718398129048,100.174,,,105.811045561523,42.7,99.1,85.1,95.5,95.1,32.4,0.7,70.4,110,68,600,97.8819798492644,95.7075102100853,99.7,95.8688180633174,92.9442047360026,98.3140147523709,99,99,99,99,99,99,99,99,0,0,99,22,57,84.4,,,,,,,,,,,,,,,,,,,,,,,99.08133,99.43955,222.985280348813,59.0925899654109,101.31165,101.6954,97.27023,,93.70456,95.94812,93.5,95,79.82591,84.46463,70.4067,67.24337,64.1,77.5,427.756,117.366,39.064,2.50160579618718,1.28081821257217,21.194,8.761,3.339,50.32,41.063,18.27,44.241,61.399,77.339,2.093,46.54,4.27492038498768,2.63005377784926,,,,0.3,3.9,92.5,,,,14.3,30.8,,,,58.625,13.7052431760162,,5.2,1.4,13.9,,40.7,,100,97.25526,,,21.5,92.6,92.4,1.0021645021645,99,93.1,1.06337271750806,16.3,21.9,1.34355828220859,,,,94.2,94.2,1,43.4,31.8,1.36477987421384,92.9442047360026,98.3140147523709,0.945381032095031,91.9,x,93.8,x,1.02067464635473,x,88.6,x,99.2,x,1.1196388261851,x,21.9,x,15.7,x,1.39490445859873,x,,,,,,,93.6,,93.5,,0.998931623931624,,23.4,x,47.8,x,2.04273504273504,x,,,,,,,,,,,,,,,,,,,,,,,,,,,,
Namibia,51,71,45,49,41,48,32,18,2479.713,71.684,3,64.388,88.27463,89.7437,16,71.2,48.5,80,12.5,21,23.1,4.1,7.1,2.8,,74,109.443732123484,99.233,96.669255405242,,103.595672308834,75.1,96.6,62.5,88.2,87.4,14.4,19.9,69,390,265,100,78.7872085987443,96.6740702572205,63.1403963568152,33.8367672410459,54.8733738098117,15.4346663318107,94,98,92,92,85,0,92,92,86,81,88,68,71.6,63.3,5.6,24.4,4.36909,1.31692,5.31021,230000,15000,13000,9600,500,1300,4300,500,500,95,64,66,,75.1,,61.4,,93.45852,95.34632,109.189536001603,31.0333459383454,21.06562,21.81654,113.3113,109.53719,88.49252,91.00004,91.5070271407576,93.0565783492225,88.97585,92.17513,40.56321,55.14629,53.5,67.4,2479.713,1075.703,344.117,2.15858072352345,1.92268273948693,14.725,8.752,7.23,43.372,38.175,29.181,52.338,61.539,64.388,3.415,47.625,4.17865277870618,3.09650495710155,,,,1.6,6.9,87.1,,,,21.9,28.2,,,,538.937,21.7338458119952,0.7,5.4,14.9,78,29.5,28.3,65.2,69.4,91.98586,,51.4,55.9,88.9,86,1.03372093023256,94.9,81.7,1.16156670746634,15.8,27.3,1.72784810126582,75.4,69,1.09275362318841,94.6120205061427,90.8774084024459,1.04109505507858,67.3,54.9,1.22586520947177,54.8733738098117,15.4346663318107,3.55520311422076,83.1,y,93.3,y,1.12274368231047,y,72.7,,98.3,,1.35213204951857,,31.3,,8.7,,3.59770114942529,,64.2,,69.7,,1.08566978193146,,88.0255138250367,,96.6351503632858,,1.09780842126479,,61.3,x,69.3,x,1.1305057096248,x,54.8,x,67.4,x,1.22992700729927,x,,,,,,,,,,,,,,,,,,,,,,
Niger,11,329,91,95,87,133,51,26,20672.987,967.162,86,60.058,15.4567,62.40561,27,52.9,23.3,,5.6,50.1,42.2,3,10.3,1.9,99,59.4,103.368700716998,38.455,85.7517000150405,71.129,103.587033151933,35.3,82.8,38,39.7,58.8,1.4,13,36.9,520,553,23,45.8353779797068,88.5559885502172,35.9884212783385,12.9373277283546,43.5698727347916,5.87662938385762,77,87,67,67,74,37,67,67,61,64,85,59.3,40.8,51,20,61,0.08824,0.12539,0.18275,48000,5800,4400,1800,1000,500,3400,500,500,52,32,17,13.7729189980201,,,,,34.53362,15.05777,48.8747818205979,4.32275803028068,7.14773,7.59307,77.92284,66.82016,67.10965,57.47978,54.7,46,63.39027,65.6641,22.97116,16.44946,21.4,16.8,20672.987,11752.17,4217.879,3.6453076783438,3.75954000587147,28.441,22.987,9.7,56.951,55.565,48.136,35.884,43.54,60.058,7.239,19.01,4.46853359291197,5.7127309956583,30.5,30.8,30.1,28,76.3,63.9,2,1.8,5.6,26.8,59.6,81.6,82,81.3,4703.69,22.7528319927836,2.6,61,48.2,210,41.4,53.5,34.6,43.9,27.17569,10.3627,21.3,12.3,91.7,59.7,1.53601340033501,82.5,32.1,2.57009345794392,33.8,45,1.33136094674556,47.1,43.8,1.07534246575342,83,44.8,1.85267857142857,31.3,9.4,3.32978723404255,43.5698727347916,5.87662938385762,7.41409231190803,49.9,,89.3,,1.78957915831663,,11.8,,71,,6.01694915254237,,46.9,,34.5,,1.35942028985507,,34.1,,49.3,,1.44574780058651,,34.5,,80.9,,2.34492753623188,,6.1,,30.2,,4.95081967213115,,5.8,,41.7,,7.18965517241379,,,,,,,,,,,,,,,,,,,,,,,
Paraguay,88,47,20,22,18,37,17,11,6725.308,140.475,3,73.12,95.0727,88.54507,6.3,47.1,24.4,,,14.3,10.9,11.7,2.6,0.4,,93.4,106.071156719574,98.431,96.8742945004715,106.561,104.130286440121,84.1,96.3,83.3,95.8,97,48.7,,,81.8,132,270,98.8853415706399,99.2054134037485,98.4118599919653,91.2222248232763,98.3204381451308,80.7218530262375,99,99,93,89,99,92,93,93,92,99,85,,,,,,0.19637,0.0451,0.37677,19000,500,1000,1300,100,500,1000,100,100,71,35,55,25.1119430795957,,,50,,98.04035,98.6213,104.773062954148,51.3498743564467,37.64844,37.78328,107.6365,104.2721,88.75633,88.32565,90.4,91.3,82.5059,85.91363,57.68718,63.39559,,,6725.308,2404.282,671.653,1.79817936414519,1.09990303800555,7.307,6.429,5.729,37.309,33.579,20.947,65.486,68.014,73.12,2.48,59.924,2.79822330780254,1.89771372536626,27.6,31.8,23.5,2,17.9,84.5,,,,,,,,,1341.978,19.9541493118233,,10.7,,63,,,,,84.21065,68.88447,,,87.4,80.4,1.08706467661692,93.8,78.7,1.19186785260483,11.7,9.9,0.846153846153846,,,,91.5,90.1,1.01553829078801,,,,98.3204381451308,80.7218530262375,1.21801512798738,67.2,y,88.7,y,1.31994047619048,y,,,,,,,28.2,,12.6,,2.23809523809524,,,,,,,,,,,,,,,,,,,,,,,,,,,,,,,,,,,,,,,,,,,,,,,
Rwanda,57,151,39,42,35,93,29,17,11917.508,370.081,14,67.129,68.33103,95.09565,7.1,81,87.3,57,18.6,87.2,36.7,7.7,1.7,0.7,96,91,106.557097713613,89.26,101.29001042991,108.584,118.158313299022,65.9,99,43.9,90.7,90.7,13,19.2,43,210,290,85,56.710107974238,76.9532142911966,48.5174920350072,62.347825035946,57.2728289960616,64.4017337986075,99,99,98,99,95,90,98,98,98,98,90,53.9,27.5,56.7,67.7,80.6,0.70368,0.50462,0.85096,220000,16000,16000,7500,1000,1000,3300,1000,500,82,80,55,,,,,,81.12005,83.48739,69.9196414961329,20,17.64184,18.32419,131.69816,133.39708,94.0937,96.09184,93.3,95.5,40.95474,48.39143,19.1628,24.12752,25.3,33.9,11917.508,5593.276,1739.765,1.91910741619474,2.11496246622783,20.375,32.44,5.966,49.911,47.243,31.105,44.338,34.217,67.129,3.885,29.775,8.74791712213666,4.74589555821774,28.5,26.7,30.4,0.4,6.8,56,,,,17.9,41.4,,,,2606.628,21.8722571866535,0.2,3.1,6.1,41,24.4,45.1,77.9,70.9,41.70684,31.22294,59.5,61.6,55.4,56.1,0.987522281639929,96.9,89.4,1.08389261744966,27,40,1.48148148148148,33.4,26.5,1.26037735849057,95.9,94.2,1.01804670912951,73.6,62.2,1.18327974276527,57.2728289960616,64.4017337986075,0.889305700606773,43.3,,64.2,,1.48267898383372,,84.2,,97.2,,1.15439429928741,,48.6,,20.9,,2.32535885167464,,21.7,,36.7,,1.69124423963134,,88.3,,97.1,,1.09966024915062,,,,,,,,,,,,,,13.1,11.8,14.4,2.6,44.8,48.5,48.6,48.5,35.6,66.2,2.8,0.9,0.1,3,29.6,21.4,40.9,34.6,34.6,34.6,38,21
Senegal,48,140,47,51,43,72,34,21,15411.614,542.241,25,67.146,42.8175,71.44651,18.6,30.5,33.3,63,10.2,47.7,17,1,7,1.4,29,57,106.08752065988,63.625,111.934511397537,97.841,107.643531530914,43.7,95,46.7,53.2,74.5,4.6,49.6,74.1,430,315,61,75.1886316603243,90.5135488884315,63.2832903051105,48.3581363309709,65.8458439834517,34.7726059151121,97,96,93,92,93,75,93,93,93,93,91,48.2,31.6,49.3,55.4,76.8,0.07508,0.16189,0.12223,41000,4800,2900,1100,500,200,1900,500,200,55,52,26,31.1084504946555,,,,,61.11376,50.96893,98.6780256915948,25.6647680413953,14.04696,15.78459,77.59396,86.85442,68.21009,74.75681,53.4,54.6,55.99362,60.27351,39.20139,42.30357,27.2,29.7,15411.614,7616.096,2544.313,2.74165431104367,2.58219147616219,24.713,11.367,5.899,50.082,43.096,35.599,39.227,57.202,67.146,4.769,44.065,3.23691789901242,3.45365745616773,23,29.4,16.7,8.5,31,68,24.2,14.6,19.3,25.2,56.5,,,,3379.916,21.9309671264801,0.3,21.3,17.8,80,36.4,57.2,68.8,75.9,58.82469,36.06475,28.2,26.1,87,58,1.5,70.1,43.8,1.60045662100457,14.3,23.9,1.67132867132867,32.1,31.4,1.02229299363057,72.4,42.7,1.69555035128806,,,,65.8458439834517,34.7726059151121,1.89361257951724,44,,93,,2.1,,28.6,,80.9,,2.82867132867133,,28,,9.9,,2.82828282828283,,28.1,,23.3,,0.829181494661922,,43.3,,78.2,,1.80600461893764,,,,,,,,,,,,,,34.6,34.7,34.4,11.5,67.6,,,,,,,,,,,,,,,,,
Solomon Islands,76,38,26,28,23,31,22,10,599.419,17.197,0,70.726,76.6,70.54706,12.5,75,73.7,,,67.4,31.6,3.9,7.9,3.1,,,104.314441353732,,98.82185278613,94.452,114.353912288834,60,88.5,68.9,86.2,84.5,5.9,15.6,68.5,150,114,220,64.0340593805722,90.4424343941932,56.44213181843,31.2670390203857,76.109478629349,18.375653123094,98,99,99,99,99,0,99,99,0,87,85,79,36.6,61.3,69.6,86,,,,,,,,,,,,,,,,,54.2,,15.3,,,,69.885719270697,11.000902271205,99.60545,100.02552,114.97884,113.62422,70.44563,70.65503,65,68,68.26132,78.05949,22.57552,25.1679,,,599.419,274.698,82.748,2.51334852686908,1.81235290540905,13.314,11.012,4.771,45.384,39.997,28.713,54.252,56.638,70.726,3.85,22.779,4.45387944206082,3.39487969604401,47.8,46.6,49,5.6,21.3,88,,,,56.8,76.7,85.5,86.2,84.7,134.062,22.3653237551696,1.7,11.4,14.9,62,59.7,77.7,36.5,27.7,77.7834,28.77337,26.4,28.6,88.8,88,1.00909090909091,96,84.1,1.14149821640904,27.3,32.4,1.18681318681319,44.9,35,1.28285714285714,,,,34.3,28.1,1.22064056939502,76.109478629349,18.375653123094,4.14186522348403,87,,88.3,,1.01494252873563,,72,,96.2,,1.33611111111111,,36.2 ,,24.6,,,,37.3,,38.5,,1.03217158176944,,,,,,,,17.3,x,36.5,x,2.10982658959538,x,34.7,x,50.4,x,1.45244956772334,x,,,,,,,,,,,,,,,,,,,,,,
State of Palestine,92,45,19,21,18,36,17,11,4790.705,150.052,3,73.473,96.93023,90.1797,9.1,40.8,38.6,89.6,42.1,11.5,7.4,8.2,1.2,0.3,,88.2225384868767,105.315679715601,96.552,99.881896992606,109.823,104.780863649601,64.8,99.4,95.5,99.6,99.3,20.3,93.9,90.7,,45,490,87.6458610176815,85.6598759066175,93.6847066447134,95.9516487114754,94.9966666666667,98.8554918032787,99,99,99,99,99,99,99,99,0,99,,76.5,31.5,,,,,,,,,,,,,,,,,,,,,,,,99.45153,99.31307,76.8061735034795,61.17838482746,52.70249,51.73308,94.38371,94.27224,89.74328,90.63462,98.8,98.8,94.29426,98.80234,83.17265,87.08953,91.8,97.2,4790.705,2230.677,712.239,3.17046096029443,2.43746282965765,12.571,5.118,3.498,50.138,45.758,31.783,55.748,68.084,73.473,4.008,75.481,3.52063676207431,2.57766089083588,5.7,7.4,4,1,15.3,99.3,,,,,,92.2,92.8,91.6,1083.281,22.6121416367737,,9.3,22,67,,,,,88.41007,66.22252,,4.7,99.4,99.6,0.997991967871486,99.6,99.6,1,7.5,7.6,1.01333333333333,30.3,34,0.891176470588235,98.8,99.1,0.996972754793138,7.9,6.3,1.25396825396825,94.9966666666667,98.8554918032787,0.960964989741885,99.5,,99.2,,0.996984924623116,,99.7,,99.4,,0.996990972918756,,7.6,,7,,1.08571428571429,,23.4,,31.1,,1.32905982905983,,98.6,,99,,1.00405679513185,,4.8,x,10.1,x,2.10416666666667,x,,,,,,,26.4,27.2,25.6,20.6,37.8,77.5,77.4,77.6,68.9,87.3,12,19.9,13.3,30.9,69.1,64.1,71.7,14.3,13.5,15.1,14.8,12.2
Suriname,88,46,20,22,18,40,18,11,558.368,10.203,0,71.405,92.86866,93.31307,13.9,44.7,2.8,47,,14.9,8.8,4,5,0.8,,,109.421310561376,95.919,97.7157962012571,126.783,115.066329369056,73.2,90.9,66.8,90,92.3,19,,,130,155,270,94.680941810104,98.2037099492457,87.8295068714069,79.2191984268542,88.3904076611954,61.3821052954351,,92,91,91,97,44,91,91,0,0,93,75.8,42.4,,43.4,60.5,0.61792,0.16523,1.35481,4900,200,500,500,100,100,200,100,100,89,48,81,35.9929439851947,,,85.9,,98.08572,97.25966,145.944601604723,45.4,90.08273,96.97719,124.20214,121.36511,93.12816,93.50545,95.0694231143847,96.3580171033559,85.41616,98.28524,50.15945,61.16028,45.5,61,558.368,178.698,50.314,1.21171547904653,0.710070290729547,8.602,7.243,7.313,36.931,27.582,18.216,63.268,67.393,71.405,2.372,66.015,1.1983834526649,0.734729748667947,4.1,4.1,4.1,5.2,18.8,98.9,,,,,12.5,86.1,87,85.1,98.97,17.7248696200355,,11.8,,65.8,,19.1,,98.5,100.70116,54.19252,,40.3,99.6,97.8,1.01840490797546,93.3,84.4,1.10545023696682,6.8,12,1.76470588235294,33.3,54.9,0.60655737704918,96.8122446718375,93.7054384052865,1.03315502621218,45,33.1,1.3595166163142,88.3904076611954,61.3821052954351,1.44000286786789,97.9,,100,,1.02145045965271,,82.8,x,94.1,x,1.13647342995169,x,13.4,x,5.5,x,2.43636363636364,x,,,,,,,91.8512461190875,,96.6578347073584,,1.05233014021431,,25.7,x,51.5,x,2.00389105058366,x,,,,,,,34.3,33,35.4,16.2,63.3,72.9,71.1,74.5,55.7,90.6,25.9,25,3.9,61.1,58.8,61.4,59.9,7.1,7.1,7,8.6,7.8
Swaziland,25,66,70,76,65,50,52,21,1343.098,38.625,3,57.754,83.09829,79.6157,8.7,48.3,63.8,89.5,38.1,7.6,25.5,9,2,0.4,,90.3,112.396817411072,98.269,91.8582035353387,99.327,107.180438587791,80.6,98.5,76.1,88.3,87.7,11.6,90.4,87.5,590,389,76,67.6260887692688,95.1517460491935,60.1727681608126,58.0258356936934,58.1672696640137,57.987538598187,97,96,90,90,89,89,90,90,95,90,90,59.6,84,63.2,1.5,9.9,9.36758,4.49616,11.9148,220000,15000,15000,8800,1000,1400,3900,1000,500,95,79,64,90.6717466415306,,,,,92.18742,94.74849,76.3712085916458,28.5735227827685,25.0981,25.65438,117.51915,107.95098,79.79011,79.43903,97.3,98,72.18988,77.37343,20.46009,30.67756,32.9,48.4,1343.098,591.842,179.605,1.70848668083058,1.54076948760864,17.582,9.11,9.585,49.298,42.59,28.85,48.041,60.369,57.754,3.084,21.315,1.30827692558093,1.62727290214619,7.3,7.7,6.9,0.8,5.3,53.5,,,,17,19.9,88.3,89.2,87.5,302.26,22.5046869253025,0,4,16.7,89,29.2,32.3,89.1,86,75.29072,52.25008,44.4,44.5,63.5,50.6,1.25494071146245,93.4,86.4,1.08101851851852,19,27.3,1.43684210526316,64.4,89.5,0.719553072625698,98.2,97.5,1.00717948717949,56.1,46.5,1.20645161290323,58.1672696640137,57.987538598187,1.00309947740793,38.7,,78.4,,2.02583979328165,,76.3,,95.1,,1.24639580602883,,30.2,,9.2,,3.28260869565217,,,,,,,,97,,97.9,,1.00927835051546,,38.1,,54.1,,1.41994750656168,,39.7,,69.1,,1.74055415617128,,29.5,25.8,33.2,27.7,48.4,38.6,32.9,44.3,24.7,59.4,1.8,5.9,1.5,18.8,67,56.1,77.6,16.5,16.4,16.5,18.4,15.1
United Republic of Tanzania,36,179,57,60,53,108,40,22,55572.201,2086.732,117,65.675,77.88723,80.09053,8.4,51.2,59.2,92,8.7,43.4,34.4,3.6,4.5,1.2,87,76,105.938867398059,87.848,103.049837375391,91.493,114.955514582651,52.9,91.4,50.7,63.5,62.6,5.9,42.1,34.2,560,398,45,50.1452800137052,79.4823137050028,36.586896563674,23.5340659681286,37.2017865443491,17.2174015633273,99,99,97,93,90,71,97,97,96,96,90,55.4,44.8,50,54.4,65.6,1.18705,1.27599,1.03821,1400000,110000,98000,55000,10000,5500,33000,6500,3200,84,62,48,,45.2,,37.7,,87.0131,84.6408,74.3609751760397,13,31.41095,32.16509,80.47675,82.93116,79.49481,80.68152,78.1,83.4,62.08439,71.36943,,,25,30.5,55572.201,28698.336,9655.424,3.00226944235024,2.92557436472587,18.184,14.993,6.737,48.338,44.117,38.186,46.718,50.206,65.675,5.016,32.316,4.94370749214758,4.62609838757933,28.8,29.3,28.3,5.2,30.5,26.4,10,0.4,2.7,39.6,58,,,,12504.919,22.5021121621582,1.5,23,22.4,128,49.6,59.1,61.4,56.7,42.84153,9.00075,41.9,36.8,50.9,17.7,2.87570621468927,86.8,54.8,1.58394160583942,24.7,37.8,1.53036437246964,46,44.2,1.04072398190045,91.1,77.4,1.17700258397933,51.9,35.7,1.45378151260504,37.2017865443491,17.2174015633273,2.16070853708774,7.7,,65.1,,8.45454545454545,,41.9,,94.9,,2.26491646778043,,39.9,,19.2,,2.078125,,39.6,,45.3,,1.14393939393939,,63.4,,94.9,,1.49684542586751,,38.9,"x,p",54.8,x,1.40874035989717,x,33.5,x,55.5,x,1.65671641791045,x,,,,,,,,,,,,,,,,,,,,,,
Viet Nam,82,51,22,25,18,37,17,12,94569.072,1581.762,34,76.253,93.52045,97.96511,5.1,26.5,24.3,90.7,59,21.8,24.6,5.3,6.4,1.4,97,61,113.203551241953,95.4,99.2074428147588,,104.342091466653,69.7,95.8,73.7,93.8,93.6,27.5,89.1,89.8,67,54,870,91.1917662383792,91.9919419747271,90.7869850630343,78.2374478111703,90.9862624298496,71.7882642991114,95,96,96,95,99,95,96,96,0,0,94,81.1,50.9,,9.4,9.5,0.11809,0.04214,0.05648,250000,5800,3200,11000,500,500,8000,200,100,66,47,84,,,,,,97.39524,96.78113,128.037926118757,46.5,84.12345,82.03333,109.29306,108.42685,,,97.8665368850654,97.5725457403198,94.03602,98.11915,92.63505,95.35272,89.1,91.7,94569.072,25779.926,7760.728,1.25671191320041,0.834148950640885,11.508,6.362,5.821,36.415,28.688,16.691,59.571,70.536,76.253,1.954,34.236,3.22079316536074,2.17775563978929,16.4,16.6,16.2,0.9,10.6,96.1,,,,,28.2,68.4,71.6,65,13604.645,14.3859347588818,,10.3,4.7,36,,28.1,,96.9,96.97907,,,50.5,96.7,95.8,1.00939457202505,99,91.6,1.08078602620087,11.8,26.8,2.27118644067797,58.4,49,1.19183673469388,98.3603897361455,97.4475022394102,1.0093679927731,53.6,47.4,1.13080168776371,90.9862624298496,71.7882642991114,1.26742530019598,90.5,,98.2,,1.08508287292818,,73.4,,100,,1.36239782016349,,40.9,,6.1,,6.70491803278689,,,,,,,,94.435750613565,,98.4312560933723,,1.04230924680376,,29.8,,65.1,,2.18456375838926,,,,,,,,71.3,73.6,69,53.4,85.7,75.9,76.3,75.6,51.8,95.5,14.9,26.2,5.7,58.2,51.5,43.7,53.9,7,5.9,8.1,13.6,1.5
Zimbabwe,37,75,56,62,51,50,40,23,16150.362,535.37,30,61.163,88.69342,85.86239,11,57.6,47.8,91,8,14.2,26.8,5.6,3.2,1,45,93,105.900022186951,98.989,98.2751057524449,97.947,103.887500707118,85.2,93.3,75.7,78.1,77,5.8,73.4,56.6,650,443,52,66.5631013091956,93.7756308238484,53.5346963706176,38.5886188198639,53.9331673925699,31.2421870117791,95,94,90,90,95,63,90,90,91,90,80,50.9,40.5,49.7,9,47.9,3.02628,1.36097574551097,3.49561606955115,1300000,,,40000,,5800,30000,,,93,75,,,71.1,,,,87.59186,93.18835,83.1798941047147,23.11998904,41.99956,42.90043,100.80618,99.06738,85.27146,86.45479,94,95.8,75.48243,78.41681,33.33955,40.97919,48.2,62.7,16150.362,7726.065,2539.448,1.77389117009204,2.05256457075605,13.201,9.612,8.078,47.447,37.418,33.144,54.92,57.944,61.163,3.76,32.277,1.92116186229155,2.25268798911438,,,,3.71,32.4,44,,,,32.8,38.7,62.6,63.2,62,3557.014,22.0243608161848,0.9,19.6,22,120,48.9,53.5,56.9,53,68.09738,36.96362,41.4,41.4,66.7,34.3,1.94460641399417,92.9,71.3,1.30294530154278,22.1,28.5,1.289592760181,46.4,37.8,1.22751322751323,97.6,94.1,1.03719447396387,55.7,40.8,1.36519607843137,53.9331673925699,31.2421870117791,1.72629295677142,24.2,,79,,3.26446280991736,,61.7,,95.8,,1.55267423014587,,33,,16.6,,1.98795180722892,,29.7,,44.2,,1.48821548821549,,90.7,,99.5,,1.09702315325248,,46.6,,65.4,,1.40343347639485,,43,,67.4,,1.56744186046512,,21.6,20.1,23.1,16.5,33.5,43.1,43.1,43.1,35.1,58.8,2.6,3.4,0.5,11.8,62.3,48,74.2,18.5,18.9,18,25.4,6.7
